{"cameraMode":{"drawMode":0,"name":"Shaded","section":"Shading Mode"},"sceneLighting":true,"audioPlay":false,"sceneViewState":{"m_AlwaysRefresh":false,"showFog":true,"showSkybox":true,"showFlares":true,"showImageEffects":true,"showParticleSystems":true,"showVisualEffectGraphs":true,"m_FxEnabled":true},"in2DMode":false,"pivot":{"x":44.17082214355469,"y":-24.378368377685548,"z":102.47948455810547},"rotation":{"x":-0.11770044267177582,"y":-0.19598974287509919,"z":0.023613542318344117,"w":-0.9734453558921814},"size":58.0632209777832,"orthographic":false}