{"cameraMode":{"drawMode":0,"name":"Shaded","section":"Shading Mode"},"sceneLighting":true,"audioPlay":false,"sceneViewState":{"m_AlwaysRefresh":true,"showFog":true,"showSkybox":true,"showFlares":true,"showImageEffects":true,"showParticleSystems":true,"showVisualEffectGraphs":true,"m_FxEnabled":true},"in2DMode":false,"pivot":{"x":8.036233901977539,"y":-36.01213073730469,"z":199.31112670898438},"rotation":{"x":-0.09767201542854309,"y":-0.027532072737812997,"z":0.0026582879945635797,"w":-0.9953957200050354},"size":106.03949737548828,"orthographic":false}