{"cameraMode":{"drawMode":0,"name":"Shaded","section":"Shading Mode"},"sceneLighting":true,"audioPlay":false,"sceneViewState":{"m_AlwaysRefresh":true,"showFog":true,"showSkybox":true,"showFlares":true,"showImageEffects":true,"showParticleSystems":true,"showVisualEffectGraphs":true,"m_FxEnabled":true},"in2DMode":false,"pivot":{"x":-6.713813781738281,"y":5.304292678833008,"z":-20.310157775878908},"rotation":{"x":0.010580768808722496,"y":0.9503347873687744,"z":0.03250503167510033,"w":-0.3093496561050415},"size":9.932692527770996,"orthographic":false}