{"cameraMode":{"drawMode":0,"name":"Shaded","section":"Shading Mode"},"sceneLighting":true,"audioPlay":false,"sceneViewState":{"m_AlwaysRefresh":true,"showFog":true,"showSkybox":true,"showFlares":true,"showImageEffects":true,"showParticleSystems":true,"showVisualEffectGraphs":true,"m_FxEnabled":true},"in2DMode":false,"pivot":{"x":-0.6528947353363037,"y":-25.84348487854004,"z":95.86498260498047},"rotation":{"x":-0.15271058678627015,"y":0.009797773323953152,"z":-0.0014970202464610339,"w":-0.9882724285125732},"size":51.789913177490237,"orthographic":false}