{"cameraMode":{"drawMode":0,"name":"Shaded","section":"Shading Mode"},"sceneLighting":true,"audioPlay":false,"sceneViewState":{"m_AlwaysRefresh":true,"showFog":true,"showSkybox":true,"showFlares":true,"showImageEffects":true,"showParticleSystems":true,"showVisualEffectGraphs":true,"m_FxEnabled":true},"in2DMode":false,"pivot":{"x":0.7037241458892822,"y":4.1377153396606449,"z":0.13751816749572755},"rotation":{"x":-0.2013992965221405,"y":0.10613440722227097,"z":-0.021950574591755868,"w":-0.973514199256897},"size":1.730941653251648,"orthographic":false}