{"cameraMode":{"drawMode":0,"name":"Shaded","section":"Shading Mode"},"sceneLighting":false,"audioPlay":false,"sceneViewState":{"m_AlwaysRefresh":true,"showFog":true,"showSkybox":false,"showFlares":true,"showImageEffects":true,"showParticleSystems":true,"showVisualEffectGraphs":true,"m_FxEnabled":true},"in2DMode":false,"pivot":{"x":-4.059213638305664,"y":3.1399290561676027,"z":0.34161660075187685},"rotation":{"x":-0.017603643238544465,"y":0.7161656618118286,"z":-0.01679697260260582,"w":-0.6979808807373047},"size":4.922247886657715,"orthographic":false}